filename,category,mfcc_mean,mfcc_std,mfcc_cv,mfcc_stability,mfcc_range_valid,mfcc_std_valid
session_20250304_130209_Lesson02_Anna_Teacher_utterance01.wav,teacher,-35.44388237358915,85.29166955510351,3.235480775729906e+16,False,True,True
session_20250224_164723_Lesson01_Anna_Teacher_utterance05.wav,teacher,-41.51341299804651,104.91420389254976,7.279831747258048e+16,False,True,True
session_20250224_164723_Lesson01_Pete_Teacher_utterance00.wav,teacher,-39.009691342137295,116.32390019169851,6.452095772434021e+16,False,True,True
session_20250304_170215_Lesson03_Anna_Teacher_utterance13.wav,teacher,-38.82175649770922,103.12531675332647,inf,False,True,True
session_20250304_130209_Lesson02_Pete_Teacher_utterance04.wav,teacher,-45.81458259079293,132.8674118126162,1.714584710775145e+17,False,True,True
session_20250304_170215_Lesson03_Man_Teacher_utterance06.wav,teacher,-42.647471637336565,140.4302441045074,3.9153169094455405e+17,False,True,True
session_20250304_170215_Lesson03_Anna_Teacher_utterance07.wav,teacher,-38.4575719296044,112.66832036464825,9.074753226629814e+16,False,True,True
session_20250304_170215_Lesson03_Man_Teacher_utterance12.wav,teacher,-37.04453992715407,96.44761285830779,2.0491378267416186e+17,False,True,True
session_20250224_171333_Lesson01_Anna_Teacher_utterance01.wav,teacher,-43.8585541800741,101.0258905507405,3.1934615466488136e+16,False,True,True
session_20250304_170215_Lesson03_Marsha_Teacher_utterance23.wav,teacher,-37.241468890779565,99.42633765492005,7.80623933271499e+16,False,True,True
session_20250224_171333_Lesson01_Pete_Teacher_utterance04.wav,teacher,-36.91617984171321,97.24566305979437,3.869742890113643e+16,False,True,True
session_20250304_170215_Lesson03_Marsha_Teacher_utterance22.wav,teacher,-40.42364369723971,110.96946271519347,6.879248414980017e+17,False,True,True
session_20250224_171333_Lesson01_Anna_Teacher_utterance00.wav,teacher,-42.69789053464772,95.24689552738963,5.532672127481627e+16,False,True,True
session_20250304_170215_Lesson03_Man_Teacher_utterance13.wav,teacher,-38.82175649770922,103.12531675332647,inf,False,True,True
session_20250304_170215_Lesson03_Anna_Teacher_utterance06.wav,teacher,-42.647471637336565,140.4302441045074,3.9153169094455405e+17,False,True,True
session_20250304_170215_Lesson03_Man_Teacher_utterance07.wav,teacher,-38.4575719296044,112.66832036464825,9.074753226629814e+16,False,True,True
session_20250304_130209_Lesson02_Pete_Teacher_utterance05.wav,teacher,-37.08074786943342,93.38639994604226,6.849975017788928e+16,False,True,True
session_20250304_170215_Lesson03_Anna_Teacher_utterance12.wav,teacher,-37.04453992715407,96.44761285830779,2.0491378267416186e+17,False,True,True
session_20250224_164723_Lesson01_Pete_Teacher_utterance01.wav,teacher,-35.01772196990436,78.01839001632798,1.561247866739999e+17,False,True,True
session_20250224_164723_Lesson01_Anna_Teacher_utterance04.wav,teacher,-40.62369442461884,97.31768014750844,1.7198121029605414e+17,False,True,True
session_20250304_130209_Lesson02_Anna_Teacher_utterance00.wav,teacher,-32.702028024524644,67.38412894545034,5.34557693427627e+16,False,True,True
session_20250304_130209_Lesson02_Anna_Teacher_utterance02.wav,teacher,-36.48920833764621,93.69073014341275,1.1767905797695176e+18,False,True,True
session_20250224_164723_Lesson01_Pete_Teacher_utterance03.wav,teacher,-39.109796088233146,102.65078738500692,2.0637745235309875e+17,False,True,True
session_20250304_170215_Lesson03_Anna_Teacher_utterance04.wav,teacher,-40.5910855347607,126.40655766325762,2.7172089253568948e+16,False,True,True
session_20250304_170215_Lesson03_Man_Teacher_utterance11.wav,teacher,-44.72928941225714,121.00522054517813,2.0725565435630963e+17,False,True,True
session_20250304_170215_Lesson03_Anna_Teacher_utterance10.wav,teacher,-42.61782822938088,134.52908020421907,8.510969267872392e+16,False,True,True
session_20250304_170215_Lesson03_Man_Teacher_utterance05.wav,teacher,-45.43149609407309,118.14858319304778,7.025615403043914e+17,False,True,True
session_20250224_171333_Lesson01_Anna_Teacher_utterance02.wav,teacher,-40.043068490578165,109.53384758403476,1.495316791233875e+17,False,True,True
session_20250304_170215_Lesson03_Marsha_Teacher_utterance08.wav,teacher,-40.44632370563024,96.9110141309357,6.059593286174145e+16,False,True,True
session_20250304_170215_Lesson03_Marsha_Teacher_utterance20.wav,teacher,-46.818453332451114,153.63128006156342,5.1095384707423744e+17,False,True,True
session_20250304_170215_Lesson03_Marsha_Teacher_utterance21.wav,teacher,-37.82012994977944,82.7718943586997,3.512807700673683e+17,False,True,True
session_20250304_170215_Lesson03_Marsha_Teacher_utterance09.wav,teacher,-47.64020485733318,161.6395934842284,5.29172952354148e+16,False,True,True
session_20250224_171333_Lesson01_Anna_Teacher_utterance03.wav,teacher,-38.217460435880916,101.70039773187099,1.1012373342615866e+17,False,True,True
session_20250304_170215_Lesson03_Man_Teacher_utterance04.wav,teacher,-33.97677471263623,71.11615321861096,6.2449914711826856e+16,False,True,True
session_20250304_170215_Lesson03_Anna_Teacher_utterance11.wav,teacher,-44.72928941225714,121.00522054517813,2.0725565435630963e+17,False,True,True
session_20250304_170215_Lesson03_Man_Teacher_utterance10.wav,teacher,-42.61782822938088,134.52908020421907,8.510969267872392e+16,False,True,True
session_20250304_170215_Lesson03_Anna_Teacher_utterance05.wav,teacher,-40.47508583997736,136.56477156895372,2.3759572547580772e+16,False,True,True
session_20250224_164723_Lesson01_Pete_Teacher_utterance02.wav,teacher,-36.62595494963066,108.17825936133252,2.341871800315575e+17,False,True,True
session_20250304_130209_Lesson02_Anna_Teacher_utterance03.wav,teacher,-35.49235668798715,82.77444080015835,3785352996257741.0,False,True,True
session_20250224_164723_Lesson01_Anna_Teacher_utterance03.wav,teacher,-38.217460435880916,101.70039773187099,1.1012373342615866e+17,False,True,True
session_20250304_170215_Lesson03_Anna_Teacher_utterance01.wav,teacher,-38.60245514859656,111.02285504352689,1.756403850172066e+17,False,True,True
session_20250304_170215_Lesson03_Man_Teacher_utterance14.wav,teacher,-42.482553136878586,140.855585106535,2.341871799132694e+17,False,True,True
session_20250304_130209_Lesson02_Pete_Teacher_utterance02.wav,teacher,-42.78974177447552,135.8374184247224,1.101744232505429e+17,False,True,True
session_20250304_170215_Lesson03_Anna_Teacher_utterance15.wav,teacher,-40.180758242644934,133.4565135721839,1.1240984609600896e+17,False,True,True
session_20250304_170215_Lesson03_Man_Teacher_utterance00.wav,teacher,-48.439716632894736,151.72773356611015,9.221120218652636e+17,False,True,True
session_20250304_170215_Lesson03_Marsha_Teacher_utterance25.wav,teacher,-38.220899005669175,81.3705128582767,1.756403850935091e+17,False,True,True
session_20250304_170215_Lesson03_Marsha_Teacher_utterance19.wav,teacher,-50.0899990516823,168.00289744421326,1.0036593407724189e+17,False,True,True
session_20250224_171333_Lesson01_Pete_Teacher_utterance02.wav,teacher,-36.62595494963066,108.17825936133252,2.341871800315575e+17,False,True,True
session_20250224_171333_Lesson01_Pete_Teacher_utterance03.wav,teacher,-39.109796088233146,102.65078738500692,2.0637745235309875e+17,False,True,True
session_20250304_170215_Lesson03_Marsha_Teacher_utterance18.wav,teacher,-35.812922914846375,75.99737330952743,1.0408319114690168e+17,False,True,True
session_20250304_170215_Lesson03_Marsha_Teacher_utterance24.wav,teacher,-38.19134128464793,104.43807644712673,2.1838472657976227e+17,False,True,True
session_20250304_170215_Lesson03_Man_Teacher_utterance01.wav,teacher,-40.446664204965224,99.70134472130755,2.0073186868651418e+17,False,True,True
session_20250304_170215_Lesson03_Anna_Teacher_utterance14.wav,teacher,-42.482553136878586,140.855585106535,2.341871799132694e+17,False,True,True
session_20250304_130209_Lesson02_Pete_Teacher_utterance03.wav,teacher,-41.34975528648041,107.73056405686727,8.294129294894531e+16,False,True,True
session_20250304_170215_Lesson03_Man_Teacher_utterance15.wav,teacher,-40.180758242644934,133.4565135721839,1.1240984609600896e+17,False,True,True
session_20250304_170215_Lesson03_Anna_Teacher_utterance00.wav,teacher,-44.7396496022102,146.0990282346839,4.261098091091629e+16,False,True,True
session_20250224_164723_Lesson01_Anna_Teacher_utterance02.wav,teacher,-40.043068490578165,109.53384758403476,1.495316791233875e+17,False,True,True
session_20250304_130209_Lesson02_Anna_Teacher_utterance04.wav,teacher,-42.93223525423638,101.97822585452876,2.268688306456933e+17,False,True,True
session_20250224_164723_Lesson01_Anna_Teacher_utterance00.wav,teacher,-42.69789053464772,95.24689552738963,5.532672127481627e+16,False,True,True
session_20250304_170215_Lesson03_Anna_Teacher_utterance16.wav,teacher,-37.39616716710122,98.07081553213067,1.756403851364959e+17,False,True,True
session_20250304_130209_Lesson02_Pete_Teacher_utterance01.wav,teacher,-43.278690775217946,122.46351721493797,2.019864427473404e+18,False,True,True
session_20250304_170215_Lesson03_Man_Teacher_utterance03.wav,teacher,-39.44558592329545,117.29352087655867,inf,False,True,True
session_20250304_170215_Lesson03_Anna_Teacher_utterance02.wav,teacher,-39.68784141836613,113.86681614191322,7.254711552932334e+16,False,True,True
session_20250304_170215_Lesson03_Man_Teacher_utterance17.wav,teacher,-40.511698760874246,97.37101328708592,4.5326551002941256e+16,False,True,True
session_20250224_171333_Lesson01_Anna_Teacher_utterance04.wav,teacher,-40.62369442461884,97.31768014750844,1.7198121029605414e+17,False,True,True
session_20250224_171333_Lesson01_Pete_Teacher_utterance01.wav,teacher,-35.01772196990436,78.01839001632798,1.561247866739999e+17,False,True,True
session_20250224_171333_Lesson01_Pete_Teacher_utterance00.wav,teacher,-39.009691342137295,116.32390019169851,6.452095772434021e+16,False,True,True
session_20250224_171333_Lesson01_Anna_Teacher_utterance05.wav,teacher,-41.51341299804651,104.91420389254976,7.279831747258048e+16,False,True,True
session_20250304_170215_Lesson03_Man_Teacher_utterance16.wav,teacher,-37.39616716710122,98.07081553213067,1.756403851364959e+17,False,True,True
session_20250304_170215_Lesson03_Anna_Teacher_utterance03.wav,teacher,-46.98353268027456,146.93309604397714,1.6466286092512157e+17,False,True,True
session_20250304_170215_Lesson03_Man_Teacher_utterance02.wav,teacher,-44.20709208322584,133.86634862918942,9.952955148670354e+17,False,True,True
session_20250304_130209_Lesson02_Pete_Teacher_utterance00.wav,teacher,-37.99860207092971,91.73220641818435,2.7055715877700292e+16,False,True,True
session_20250304_170215_Lesson03_Anna_Teacher_utterance17.wav,teacher,-40.511698760874246,97.37101328708592,4.5326551002941256e+16,False,True,True
session_20250224_164723_Lesson01_Pete_Teacher_utterance04.wav,teacher,-36.91617984171321,97.24566305979437,3.869742890113643e+16,False,True,True
session_20250224_164723_Lesson01_Anna_Teacher_utterance01.wav,teacher,-43.8585541800741,101.0258905507405,3.1934615466488136e+16,False,True,True
session_20250304_130209_Lesson02_Anna_Teacher_utterance05.wav,teacher,-38.040298011014556,92.49812219381765,2.305280053237354e+17,False,True,True
session_20250304_170215_Lesson02_Jonathan_Teacher_utterance00.wav,teacher,-42.01414189305173,130.6176447231596,1.0765055849775123e+17,False,True,True
session_20250304_130209_Lesson02_Jonathan_Teacher_utterance00.wav,teacher,-42.01414189305173,130.6176447231596,1.0765055849775123e+17,False,True,True
session_20250227_132105_Lesson01_Pete_Teacher_utterance02.wav,teacher,-36.62595494963066,108.17825936133252,2.341871800315575e+17,False,True,True
session_20250227_132105_Lesson01_Pete_Teacher_utterance03.wav,teacher,-39.109796088233146,102.65078738500692,2.0637745235309875e+17,False,True,True
session_20250304_130209_Lesson02_Jonathan_Teacher_utterance01.wav,teacher,-40.66983088326907,116.42038958278557,1.8539818412658512e+17,False,True,True
session_20250304_170215_Lesson02_Jonathan_Teacher_utterance01.wav,teacher,-40.66983088326907,116.42038958278557,1.8539818412658512e+17,False,True,True
session_20250227_132105_Lesson01_Anna_Teacher_utterance04.wav,teacher,-40.62369442461884,97.31768014750844,1.7198121029605414e+17,False,True,True
session_20250304_170215_Lesson02_Jonathan_Teacher_utterance03.wav,teacher,-38.69887866581894,102.44829262530111,9.660221178708893e+16,False,True,True
session_20250304_130209_Lesson02_Jonathan_Teacher_utterance03.wav,teacher,-38.69887866581894,102.44829262530111,9.660221178708893e+16,False,True,True
session_20250227_132105_Lesson01_Pete_Teacher_utterance01.wav,teacher,-35.01772196990436,78.01839001632798,1.561247866739999e+17,False,True,True
session_20250227_132105_Lesson01_Pete_Teacher_utterance00.wav,teacher,-39.009691342137295,116.32390019169851,6.452095772434021e+16,False,True,True
session_20250304_130209_Lesson02_Jonathan_Teacher_utterance02.wav,teacher,-35.472597464598365,101.03753168943003,1.3510798837288178e+17,False,True,True
session_20250304_170215_Lesson02_Jonathan_Teacher_utterance02.wav,teacher,-35.472597464598365,101.03753168943003,1.3510798837288178e+17,False,True,True
session_20250227_132105_Lesson01_Anna_Teacher_utterance05.wav,teacher,-41.51341299804651,104.91420389254976,7.279831747258048e+16,False,True,True
session_20250227_132105_Lesson01_Anna_Teacher_utterance01.wav,teacher,-43.8585541800741,101.0258905507405,3.1934615466488136e+16,False,True,True
session_20250304_170215_Lesson02_Jonathan_Teacher_utterance06.wav,teacher,-47.65545851941852,151.5968559304198,3.457920077361173e+17,False,True,True
session_20250227_132105_Lesson01_Pete_Teacher_utterance04.wav,teacher,-36.91617984171321,97.24566305979437,3.869742890113643e+16,False,True,True
session_20250227_132105_Lesson01_Anna_Teacher_utterance00.wav,teacher,-42.69789053464772,95.24689552738963,5.532672127481627e+16,False,True,True
session_20250227_132105_Lesson01_Anna_Teacher_utterance02.wav,teacher,-40.043068490578165,109.53384758403476,1.495316791233875e+17,False,True,True
session_20250304_130209_Lesson02_Jonathan_Teacher_utterance05.wav,teacher,-37.08074786943342,93.38639994604226,6.849975017788928e+16,False,True,True
session_20250304_170215_Lesson02_Jonathan_Teacher_utterance05.wav,teacher,-37.08074786943342,93.38639994604226,6.849975017788928e+16,False,True,True
session_20250304_170215_Lesson02_Jonathan_Teacher_utterance04.wav,teacher,-45.81458259079293,132.8674118126162,1.714584710775145e+17,False,True,True
session_20250304_130209_Lesson02_Jonathan_Teacher_utterance04.wav,teacher,-45.81458259079293,132.8674118126162,1.714584710775145e+17,False,True,True
session_20250227_132105_Lesson01_Anna_Teacher_utterance03.wav,teacher,-38.217460435880916,101.70039773187099,1.1012373342615866e+17,False,True,True
session_20250304_131109_Lesson02_Anna_Teacher_utterance02.wav,teacher,-36.48920833764621,93.69073014341275,1.1767905797695176e+18,False,True,True
session_20250224_165816_Lesson01_Anna_Teacher_utterance03.wav,teacher,-38.217460435880916,101.70039773187099,1.1012373342615866e+17,False,True,True
session_20250224_165816_Lesson01_Anna_Teacher_utterance02.wav,teacher,-40.043068490578165,109.53384758403476,1.495316791233875e+17,False,True,True
session_20250304_131109_Lesson02_Anna_Teacher_utterance03.wav,teacher,-35.49235668798715,82.77444080015835,3785352996257741.0,False,True,True
session_20250304_131109_Lesson02_Anna_Teacher_utterance01.wav,teacher,-35.44388237358915,85.29166955510351,3.235480775729906e+16,False,True,True
session_20250304_131109_Lesson02_Pete_Teacher_utterance04.wav,teacher,-45.81458259079293,132.8674118126162,1.714584710775145e+17,False,True,True
session_20250224_165816_Lesson01_Anna_Teacher_utterance00.wav,teacher,-42.69789053464772,95.24689552738963,5.532672127481627e+16,False,True,True
session_20250224_165816_Lesson01_Pete_Teacher_utterance04.wav,teacher,-36.91617984171321,97.24566305979437,3.869742890113643e+16,False,True,True
session_20250224_165816_Lesson01_Anna_Teacher_utterance01.wav,teacher,-43.8585541800741,101.0258905507405,3.1934615466488136e+16,False,True,True
session_20250304_131109_Lesson02_Pete_Teacher_utterance05.wav,teacher,-37.08074786943342,93.38639994604226,6.849975017788928e+16,False,True,True
session_20250304_131109_Lesson02_Anna_Teacher_utterance00.wav,teacher,-32.702028024524644,67.38412894545034,5.34557693427627e+16,False,True,True
session_20250304_131109_Lesson02_Anna_Teacher_utterance04.wav,teacher,-42.93223525423638,101.97822585452876,2.268688306456933e+17,False,True,True
session_20250304_131109_Lesson02_Pete_Teacher_utterance01.wav,teacher,-43.278690775217946,122.46351721493797,2.019864427473404e+18,False,True,True
session_20250224_165816_Lesson01_Anna_Teacher_utterance05.wav,teacher,-41.51341299804651,104.91420389254976,7.279831747258048e+16,False,True,True
session_20250224_165816_Lesson01_Pete_Teacher_utterance00.wav,teacher,-39.009691342137295,116.32390019169851,6.452095772434021e+16,False,True,True
session_20250224_165816_Lesson01_Pete_Teacher_utterance01.wav,teacher,-35.01772196990436,78.01839001632798,1.561247866739999e+17,False,True,True
session_20250224_165816_Lesson01_Anna_Teacher_utterance04.wav,teacher,-40.62369442461884,97.31768014750844,1.7198121029605414e+17,False,True,True
session_20250304_131109_Lesson02_Pete_Teacher_utterance00.wav,teacher,-37.99860207092971,91.73220641818435,2.7055715877700292e+16,False,True,True
session_20250304_131109_Lesson02_Anna_Teacher_utterance05.wav,teacher,-38.040298011014556,92.49812219381765,2.305280053237354e+17,False,True,True
session_20250304_131109_Lesson02_Pete_Teacher_utterance02.wav,teacher,-42.78974177447552,135.8374184247224,1.101744232505429e+17,False,True,True
session_20250224_165816_Lesson01_Pete_Teacher_utterance03.wav,teacher,-39.109796088233146,102.65078738500692,2.0637745235309875e+17,False,True,True
session_20250224_165816_Lesson01_Pete_Teacher_utterance02.wav,teacher,-36.62595494963066,108.17825936133252,2.341871800315575e+17,False,True,True
session_20250304_131109_Lesson02_Pete_Teacher_utterance03.wav,teacher,-41.34975528648041,107.73056405686727,8.294129294894531e+16,False,True,True
session_20250224_172209_Lesson01_Pete_Teacher_utterance01.wav,teacher,-35.01772196990436,78.01839001632798,1.561247866739999e+17,False,True,True
session_20250227_184820_Lesson02_Pete_Teacher_utterance04.wav,teacher,-45.81458259079293,132.8674118126162,1.714584710775145e+17,False,True,True
session_20250224_170735_Lesson01_Anna_Teacher_utterance02.wav,teacher,-40.043068490578165,109.53384758403476,1.495316791233875e+17,False,True,True
session_20250304_170215_Lesson02_Anna_Teacher_utterance00.wav,teacher,-32.702028024524644,67.38412894545034,5.34557693427627e+16,False,True,True
session_20250304_170215_Lesson02_Pete_Teacher_utterance05.wav,teacher,-37.08074786943342,93.38639994604226,6.849975017788928e+16,False,True,True
session_20250227_184820_Lesson02_Anna_Teacher_utterance01.wav,teacher,-35.44388237358915,85.29166955510351,3.235480775729906e+16,False,True,True
session_20250224_172209_Lesson01_Anna_Teacher_utterance04.wav,teacher,-40.62369442461884,97.31768014750844,1.7198121029605414e+17,False,True,True
session_20250304_124650_Lesson01_Pete_Teacher_utterance00.wav,teacher,-39.009691342137295,116.32390019169851,6.452095772434021e+16,False,True,True
session_20250304_125010_Lesson01_Anna_Teacher_utterance02.wav,teacher,-40.043068490578165,109.53384758403476,1.495316791233875e+17,False,True,True
session_20250304_170215_Lesson01_Pete_Teacher_utterance00.wav,teacher,-39.009691342137295,116.32390019169851,6.452095772434021e+16,False,True,True
session_20250227_184820_Lesson01_Anna_Teacher_utterance04.wav,teacher,-40.62369442461884,97.31768014750844,1.7198121029605414e+17,False,True,True
session_20250227_130555_Lesson01_Pete_Teacher_utterance02.wav,teacher,-36.62595494963066,108.17825936133252,2.341871800315575e+17,False,True,True
session_20250304_170215_Lesson03_Marsha_Teacher_utterance02.wav,teacher,-37.210107889559126,96.52609164999771,2.3418718004871363e+17,False,True,True
session_20250304_125325_Lesson01_Pete_Teacher_utterance00.wav,teacher,-39.009691342137295,116.32390019169851,6.452095772434021e+16,False,True,True
session_20250304_170215_Lesson03_Marsha_Teacher_utterance16.wav,teacher,-37.39616716710122,98.07081553213067,1.756403851364959e+17,False,True,True
session_20250304_125325_Lesson01_Anna_Teacher_utterance05.wav,teacher,-36.91617984171321,97.24566305979437,3.869742890113643e+16,False,True,True
session_20250304_131109_Lesson02_Jonathan_Teacher_utterance01.wav,teacher,-40.66983088326907,116.42038958278557,1.8539818412658512e+17,False,True,True
session_20250227_184820_Lesson01_Pete_Teacher_utterance01.wav,teacher,-35.01772196990436,78.01839001632798,1.561247866739999e+17,False,True,True
session_20250304_170215_Lesson01_Anna_Teacher_utterance05.wav,teacher,-36.91617984171321,97.24566305979437,3.869742890113643e+16,False,True,True
session_20250304_170215_Lesson01_Anna_Teacher_utterance04.wav,teacher,-40.62369442461884,97.31768014750844,1.7198121029605414e+17,False,True,True
session_20250227_184820_Lesson01_Pete_Teacher_utterance00.wav,teacher,-39.009691342137295,116.32390019169851,6.452095772434021e+16,False,True,True
session_20250304_131109_Lesson02_Jonathan_Teacher_utterance00.wav,teacher,-42.01414189305173,130.6176447231596,1.0765055849775123e+17,False,True,True
session_20250304_125325_Lesson01_Anna_Teacher_utterance04.wav,teacher,-40.62369442461884,97.31768014750844,1.7198121029605414e+17,False,True,True
session_20250304_125325_Lesson01_Pete_Teacher_utterance01.wav,teacher,-35.01772196990436,78.01839001632798,1.561247866739999e+17,False,True,True
session_20250304_170215_Lesson03_Marsha_Teacher_utterance17.wav,teacher,-40.511698760874246,97.37101328708592,4.5326551002941256e+16,False,True,True
session_20250304_170215_Lesson03_Marsha_Teacher_utterance03.wav,teacher,-40.43624157326418,112.62275394970449,1.0036593433891787e+17,False,True,True
session_20250227_130555_Lesson01_Pete_Teacher_utterance03.wav,teacher,-39.109796088233146,102.65078738500692,2.0637745235309875e+17,False,True,True
session_20250227_184820_Lesson01_Anna_Teacher_utterance05.wav,teacher,-41.51341299804651,104.91420389254976,7.279831747258048e+16,False,True,True
session_20250304_170215_Lesson01_Pete_Teacher_utterance01.wav,teacher,-35.01772196990436,78.01839001632798,1.561247866739999e+17,False,True,True
session_20250304_125010_Lesson01_Anna_Teacher_utterance03.wav,teacher,-38.217460435880916,101.70039773187099,1.1012373342615866e+17,False,True,True
session_20250304_124650_Lesson01_Pete_Teacher_utterance01.wav,teacher,-35.01772196990436,78.01839001632798,1.561247866739999e+17,False,True,True
session_20250224_172209_Lesson01_Anna_Teacher_utterance05.wav,teacher,-41.51341299804651,104.91420389254976,7.279831747258048e+16,False,True,True
session_20250227_184820_Lesson02_Anna_Teacher_utterance00.wav,teacher,-32.702028024524644,67.38412894545034,5.34557693427627e+16,False,True,True
session_20250304_170215_Lesson02_Pete_Teacher_utterance04.wav,teacher,-45.81458259079293,132.8674118126162,1.714584710775145e+17,False,True,True
session_20250304_170215_Lesson02_Anna_Teacher_utterance01.wav,teacher,-35.44388237358915,85.29166955510351,3.235480775729906e+16,False,True,True
session_20250224_170735_Lesson01_Anna_Teacher_utterance03.wav,teacher,-38.217460435880916,101.70039773187099,1.1012373342615866e+17,False,True,True
session_20250227_184820_Lesson02_Pete_Teacher_utterance05.wav,teacher,-37.08074786943342,93.38639994604226,6.849975017788928e+16,False,True,True
session_20250224_172209_Lesson01_Pete_Teacher_utterance00.wav,teacher,-39.009691342137295,116.32390019169851,6.452095772434021e+16,False,True,True
session_20250224_172209_Lesson01_Pete_Teacher_utterance02.wav,teacher,-36.62595494963066,108.17825936133252,2.341871800315575e+17,False,True,True
session_20250224_170735_Lesson01_Anna_Teacher_utterance01.wav,teacher,-43.8585541800741,101.0258905507405,3.1934615466488136e+16,False,True,True
session_20250304_170215_Lesson02_Anna_Teacher_utterance03.wav,teacher,-35.49235668798715,82.77444080015835,3785352996257741.0,False,True,True
session_20250304_124650_Lesson01_Pete_Teacher_utterance03.wav,teacher,-39.109796088233146,102.65078738500692,2.0637745235309875e+17,False,True,True
session_20250304_170215_Lesson02_Pete_Teacher_utterance06.wav,teacher,-47.65545851941852,151.5968559304198,3.457920077361173e+17,False,True,True
session_20250224_170735_Lesson01_Pete_Teacher_utterance04.wav,teacher,-36.91617984171321,97.24566305979437,3.869742890113643e+16,False,True,True
session_20250227_184820_Lesson02_Anna_Teacher_utterance02.wav,teacher,-36.48920833764621,93.69073014341275,1.1767905797695176e+18,False,True,True
session_20250304_170215_Lesson03_Anna_Teacher_utterance25.wav,teacher,-38.220899005669175,81.3705128582767,1.756403850935091e+17,False,True,True
session_20250304_170215_Lesson03_Man_Teacher_utterance24.wav,teacher,-38.19134128464793,104.43807644712673,2.1838472657976227e+17,False,True,True
session_20250304_125010_Lesson01_Anna_Teacher_utterance01.wav,teacher,-43.8585541800741,101.0258905507405,3.1934615466488136e+16,False,True,True
session_20250304_170215_Lesson03_Anna_Teacher_utterance19.wav,teacher,-50.0899990516823,168.00289744421326,1.0036593407724189e+17,False,True,True
session_20250304_170215_Lesson03_Man_Teacher_utterance18.wav,teacher,-35.812922914846375,75.99737330952743,1.0408319114690168e+17,False,True,True
session_20250304_170215_Lesson01_Pete_Teacher_utterance03.wav,teacher,-39.109796088233146,102.65078738500692,2.0637745235309875e+17,False,True,True
session_20250227_130555_Lesson01_Pete_Teacher_utterance01.wav,teacher,-35.01772196990436,78.01839001632798,1.561247866739999e+17,False,True,True
session_20250304_170215_Lesson03_Marsha_Teacher_utterance15.wav,teacher,-40.180758242644934,133.4565135721839,1.1240984609600896e+17,False,True,True
session_20250304_125325_Lesson01_Pete_Teacher_utterance03.wav,teacher,-39.109796088233146,102.65078738500692,2.0637745235309875e+17,False,True,True
session_20250304_170215_Lesson03_Marsha_Teacher_utterance01.wav,teacher,-40.31646605454731,120.84639521242623,1.4051230791422136e+17,False,True,True
session_20250304_125325_Lesson01_Anna_Teacher_utterance06.wav,teacher,-41.51341299804651,104.91420389254976,7.279831747258048e+16,False,True,True
session_20250304_131109_Lesson02_Jonathan_Teacher_utterance02.wav,teacher,-35.472597464598365,101.03753168943003,1.3510798837288178e+17,False,True,True
session_20250227_184820_Lesson01_Pete_Teacher_utterance02.wav,teacher,-36.62595494963066,108.17825936133252,2.341871800315575e+17,False,True,True
session_20250304_170215_Lesson01_Anna_Teacher_utterance06.wav,teacher,-41.51341299804651,104.91420389254976,7.279831747258048e+16,False,True,True
session_20250227_184820_Lesson01_Pete_Teacher_utterance03.wav,teacher,-39.109796088233146,102.65078738500692,2.0637745235309875e+17,False,True,True
session_20250304_131109_Lesson02_Jonathan_Teacher_utterance03.wav,teacher,-38.69887866581894,102.44829262530111,9.660221178708893e+16,False,True,True
session_20250304_170215_Lesson03_Marsha_Teacher_utterance00.wav,teacher,-38.14007459961108,81.14434719324821,6.691062291642997e+16,False,True,True
session_20250304_170215_Lesson03_Marsha_Teacher_utterance14.wav,teacher,-42.482553136878586,140.855585106535,2.341871799132694e+17,False,True,True
session_20250304_125325_Lesson01_Pete_Teacher_utterance02.wav,teacher,-36.62595494963066,108.17825936133252,2.341871800315575e+17,False,True,True
session_20250227_130555_Lesson01_Pete_Teacher_utterance00.wav,teacher,-39.009691342137295,116.32390019169851,6.452095772434021e+16,False,True,True
session_20250304_170215_Lesson01_Pete_Teacher_utterance02.wav,teacher,-36.62595494963066,108.17825936133252,2.341871800315575e+17,False,True,True
session_20250304_170215_Lesson03_Man_Teacher_utterance19.wav,teacher,-50.0899990516823,168.00289744421326,1.0036593407724189e+17,False,True,True
session_20250304_170215_Lesson03_Anna_Teacher_utterance18.wav,teacher,-35.812922914846375,75.99737330952743,1.0408319114690168e+17,False,True,True
session_20250304_170215_Lesson03_Man_Teacher_utterance25.wav,teacher,-38.220899005669175,81.3705128582767,1.756403850935091e+17,False,True,True
session_20250304_125010_Lesson01_Anna_Teacher_utterance00.wav,teacher,-42.69789053464772,95.24689552738963,5.532672127481627e+16,False,True,True
session_20250304_170215_Lesson03_Anna_Teacher_utterance24.wav,teacher,-38.19134128464793,104.43807644712673,2.1838472657976227e+17,False,True,True
session_20250227_184820_Lesson02_Anna_Teacher_utterance03.wav,teacher,-35.49235668798715,82.77444080015835,3785352996257741.0,False,True,True
session_20250304_124650_Lesson01_Pete_Teacher_utterance02.wav,teacher,-36.62595494963066,108.17825936133252,2.341871800315575e+17,False,True,True
session_20250304_170215_Lesson02_Anna_Teacher_utterance02.wav,teacher,-36.48920833764621,93.69073014341275,1.1767905797695176e+18,False,True,True
session_20250224_170735_Lesson01_Anna_Teacher_utterance00.wav,teacher,-42.69789053464772,95.24689552738963,5.532672127481627e+16,False,True,True
session_20250224_172209_Lesson01_Pete_Teacher_utterance03.wav,teacher,-39.109796088233146,102.65078738500692,2.0637745235309875e+17,False,True,True
session_20250304_125010_Lesson01_Pete_Teacher_utterance01.wav,teacher,-35.01772196990436,78.01839001632798,1.561247866739999e+17,False,True,True
session_20250227_184820_Lesson02_Pete_Teacher_utterance02.wav,teacher,-42.78974177447552,135.8374184247224,1.101744232505429e+17,False,True,True
session_20250224_170735_Lesson01_Anna_Teacher_utterance04.wav,teacher,-40.62369442461884,97.31768014750844,1.7198121029605414e+17,False,True,True
session_20250304_170215_Lesson02_Anna_Teacher_utterance06.wav,teacher,-47.65545851941852,151.5968559304198,3.457920077361173e+17,False,True,True
session_20250304_170215_Lesson02_Pete_Teacher_utterance03.wav,teacher,-41.34975528648041,107.73056405686727,8.294129294894531e+16,False,True,True
session_20250224_170735_Lesson01_Pete_Teacher_utterance01.wav,teacher,-35.01772196990436,78.01839001632798,1.561247866739999e+17,False,True,True
session_20250224_172209_Lesson01_Anna_Teacher_utterance02.wav,teacher,-40.043068490578165,109.53384758403476,1.495316791233875e+17,False,True,True
session_20250304_170215_Lesson03_Man_Teacher_utterance09.wav,teacher,-39.08172202736206,104.51075673242285,5.444851937296461e+17,False,True,True
session_20250304_170215_Lesson03_Anna_Teacher_utterance08.wav,teacher,-51.96135360024328,171.48099254554288,3.795086887329165e+17,False,True,True
session_20250304_170215_Lesson03_Anna_Teacher_utterance20.wav,teacher,-46.818453332451114,153.63128006156342,5.1095384707423744e+17,False,True,True
session_20250304_125010_Lesson01_Anna_Teacher_utterance04.wav,teacher,-40.62369442461884,97.31768014750844,1.7198121029605414e+17,False,True,True
session_20250304_170215_Lesson03_Man_Teacher_utterance21.wav,teacher,-37.82012994977944,82.7718943586997,3.512807700673683e+17,False,True,True
session_20250227_130555_Lesson01_Pete_Teacher_utterance04.wav,teacher,-36.91617984171321,97.24566305979437,3.869742890113643e+16,False,True,True
session_20250227_184820_Lesson01_Anna_Teacher_utterance02.wav,teacher,-40.043068490578165,109.53384758403476,1.495316791233875e+17,False,True,True
session_20250304_170215_Lesson03_Marsha_Teacher_utterance10.wav,teacher,-42.61782822938088,134.52908020421907,8.510969267872392e+16,False,True,True
session_20250304_170215_Lesson03_Marsha_Teacher_utterance04.wav,teacher,-35.350934255423155,79.36754481773485,2.3418718017381786e+17,False,True,True
session_20250304_125325_Lesson01_Anna_Teacher_utterance03.wav,teacher,-38.217460435880916,101.70039773187099,1.1012373342615866e+17,False,True,True
session_20250304_170215_Lesson01_Anna_Teacher_utterance03.wav,teacher,-38.217460435880916,101.70039773187099,1.1012373342615866e+17,False,True,True
session_20250304_170215_Lesson01_Anna_Teacher_utterance02.wav,teacher,-40.043068490578165,109.53384758403476,1.495316791233875e+17,False,True,True
session_20250304_125325_Lesson01_Anna_Teacher_utterance02.wav,teacher,-40.043068490578165,109.53384758403476,1.495316791233875e+17,False,True,True
session_20250304_170215_Lesson03_Marsha_Teacher_utterance05.wav,teacher,-45.533228583765016,152.69594593090136,7.806239312962848e+16,False,True,True
session_20250304_170215_Lesson03_Marsha_Teacher_utterance11.wav,teacher,-44.72928941225714,121.00522054517813,2.0725565435630963e+17,False,True,True
session_20250227_184820_Lesson01_Anna_Teacher_utterance03.wav,teacher,-38.217460435880916,101.70039773187099,1.1012373342615866e+17,False,True,True
session_20250304_125010_Lesson01_Anna_Teacher_utterance05.wav,teacher,-36.91617984171321,97.24566305979437,3.869742890113643e+16,False,True,True
session_20250304_170215_Lesson03_Man_Teacher_utterance20.wav,teacher,-46.818453332451114,153.63128006156342,5.1095384707423744e+17,False,True,True
session_20250304_170215_Lesson03_Anna_Teacher_utterance21.wav,teacher,-37.82012994977944,82.7718943586997,3.512807700673683e+17,False,True,True
session_20250304_170215_Lesson03_Anna_Teacher_utterance09.wav,teacher,-39.08172202736206,104.51075673242285,5.444851937296461e+17,False,True,True
session_20250304_170215_Lesson03_Man_Teacher_utterance08.wav,teacher,-51.96135360024328,171.48099254554288,3.795086887329165e+17,False,True,True
session_20250224_172209_Lesson01_Anna_Teacher_utterance03.wav,teacher,-38.217460435880916,101.70039773187099,1.1012373342615866e+17,False,True,True
session_20250224_170735_Lesson01_Pete_Teacher_utterance00.wav,teacher,-39.009691342137295,116.32390019169851,6.452095772434021e+16,False,True,True
session_20250304_170215_Lesson02_Pete_Teacher_utterance02.wav,teacher,-42.78974177447552,135.8374184247224,1.101744232505429e+17,False,True,True
session_20250224_170735_Lesson01_Anna_Teacher_utterance05.wav,teacher,-41.51341299804651,104.91420389254976,7.279831747258048e+16,False,True,True
session_20250227_184820_Lesson02_Pete_Teacher_utterance03.wav,teacher,-41.34975528648041,107.73056405686727,8.294129294894531e+16,False,True,True
session_20250304_125010_Lesson01_Pete_Teacher_utterance00.wav,teacher,-39.009691342137295,116.32390019169851,6.452095772434021e+16,False,True,True
session_20250304_125010_Lesson01_Pete_Teacher_utterance02.wav,teacher,-36.62595494963066,108.17825936133252,2.341871800315575e+17,False,True,True
session_20250224_172209_Lesson01_Pete_Teacher_utterance04.wav,teacher,-36.91617984171321,97.24566305979437,3.869742890113643e+16,False,True,True
session_20250227_184820_Lesson02_Pete_Teacher_utterance01.wav,teacher,-43.278690775217946,122.46351721493797,2.019864427473404e+18,False,True,True
session_20250304_170215_Lesson02_Anna_Teacher_utterance05.wav,teacher,-38.040298011014556,92.49812219381765,2.305280053237354e+17,False,True,True
session_20250304_170215_Lesson02_Pete_Teacher_utterance00.wav,teacher,-37.99860207092971,91.73220641818435,2.7055715877700292e+16,False,True,True
session_20250224_170735_Lesson01_Pete_Teacher_utterance02.wav,teacher,-36.62595494963066,108.17825936133252,2.341871800315575e+17,False,True,True
session_20250227_184820_Lesson02_Anna_Teacher_utterance04.wav,teacher,-42.93223525423638,101.97822585452876,2.268688306456933e+17,False,True,True
session_20250224_172209_Lesson01_Anna_Teacher_utterance01.wav,teacher,-43.8585541800741,101.0258905507405,3.1934615466488136e+16,False,True,True
session_20250304_170215_Lesson03_Man_Teacher_utterance22.wav,teacher,-40.42364369723971,110.96946271519347,6.879248414980017e+17,False,True,True
session_20250304_170215_Lesson03_Anna_Teacher_utterance23.wav,teacher,-37.241468890779565,99.42633765492005,7.80623933271499e+16,False,True,True
session_20250227_184820_Lesson01_Anna_Teacher_utterance01.wav,teacher,-43.8585541800741,101.0258905507405,3.1934615466488136e+16,False,True,True
session_20250304_170215_Lesson03_Marsha_Teacher_utterance07.wav,teacher,-47.674069592480855,125.70998556558098,1.7003484090311907e+17,False,True,True
session_20250304_170215_Lesson03_Marsha_Teacher_utterance13.wav,teacher,-38.82175649770922,103.12531675332647,inf,False,True,True
session_20250304_125325_Lesson01_Anna_Teacher_utterance00.wav,teacher,-42.69789053464772,95.24689552738963,5.532672127481627e+16,False,True,True
session_20250227_184820_Lesson01_Pete_Teacher_utterance04.wav,teacher,-36.91617984171321,97.24566305979437,3.869742890113643e+16,False,True,True
session_20250304_170215_Lesson01_Anna_Teacher_utterance00.wav,teacher,-42.69789053464772,95.24689552738963,5.532672127481627e+16,False,True,True
session_20250304_131109_Lesson02_Jonathan_Teacher_utterance04.wav,teacher,-45.81458259079293,132.8674118126162,1.714584710775145e+17,False,True,True
session_20250304_131109_Lesson02_Jonathan_Teacher_utterance05.wav,teacher,-37.08074786943342,93.38639994604226,6.849975017788928e+16,False,True,True
session_20250304_170215_Lesson01_Anna_Teacher_utterance01.wav,teacher,-43.8585541800741,101.0258905507405,3.1934615466488136e+16,False,True,True
session_20250304_125325_Lesson01_Anna_Teacher_utterance01.wav,teacher,-43.8585541800741,101.0258905507405,3.1934615466488136e+16,False,True,True
session_20250304_170215_Lesson03_Marsha_Teacher_utterance12.wav,teacher,-37.04453992715407,96.44761285830779,2.0491378267416186e+17,False,True,True
session_20250304_170215_Lesson03_Marsha_Teacher_utterance06.wav,teacher,-40.308819314931846,104.36260041548137,1.0036593429226318e+17,False,True,True
session_20250227_184820_Lesson01_Anna_Teacher_utterance00.wav,teacher,-42.69789053464772,95.24689552738963,5.532672127481627e+16,False,True,True
session_20250304_170215_Lesson03_Anna_Teacher_utterance22.wav,teacher,-40.42364369723971,110.96946271519347,6.879248414980017e+17,False,True,True
session_20250304_170215_Lesson03_Man_Teacher_utterance23.wav,teacher,-37.241468890779565,99.42633765492005,7.80623933271499e+16,False,True,True
session_20250304_125010_Lesson01_Anna_Teacher_utterance06.wav,teacher,-41.51341299804651,104.91420389254976,7.279831747258048e+16,False,True,True
session_20250224_172209_Lesson01_Anna_Teacher_utterance00.wav,teacher,-42.69789053464772,95.24689552738963,5.532672127481627e+16,False,True,True
session_20250227_184820_Lesson02_Anna_Teacher_utterance05.wav,teacher,-38.040298011014556,92.49812219381765,2.305280053237354e+17,False,True,True
session_20250224_170735_Lesson01_Pete_Teacher_utterance03.wav,teacher,-39.109796088233146,102.65078738500692,2.0637745235309875e+17,False,True,True
session_20250304_170215_Lesson02_Pete_Teacher_utterance01.wav,teacher,-43.278690775217946,122.46351721493797,2.019864427473404e+18,False,True,True
session_20250304_170215_Lesson02_Anna_Teacher_utterance04.wav,teacher,-42.93223525423638,101.97822585452876,2.268688306456933e+17,False,True,True
session_20250227_184820_Lesson02_Pete_Teacher_utterance00.wav,teacher,-37.99860207092971,91.73220641818435,2.7055715877700292e+16,False,True,True
session_20250304_125010_Lesson01_Pete_Teacher_utterance03.wav,teacher,-39.109796088233146,102.65078738500692,2.0637745235309875e+17,False,True,True
session_20250227_184820_Lesson01_Anna_Student01_utterance04.wav,student,-42.817003659397294,97.84223546730271,6.7296995219461464e+16,False,True,True
session_20250227_130555_Lesson01_Pete_Student01_utterance01.wav,student,-41.92927277399851,116.26185432103777,1.5284091170341005e+17,False,True,True
session_20250304_170215_Lesson02_Pete_Student01_utterance03.wav,student,-40.42359243220247,27.503365511771044,2.777985666639126e+16,False,True,True
session_20250224_172209_Lesson01_Anna_Student01_utterance03.wav,student,-39.428609128474484,82.34483139892205,1.616400642383917e+17,False,True,True
session_20250304_130209_Lesson02_Pete_Student01_utterance05.wav,student,-41.18723936507433,105.22468404294337,1.9659747596652477e+17,False,True,True
session_20250304_170215_Lesson03_Man_Student01_utterance14.wav,student,-40.850715258526336,31.0792444490003,2.539379047419069e+16,False,True,True
session_20250304_170215_Lesson03_Man_Student01_utterance00.wav,student,-42.87245963562732,38.42525864398031,1.0281388336951554e+16,False,True,True
session_20250304_125010_Lesson01_Anna_Student01_utterance02.wav,student,-42.52523341930677,113.52652920181245,1.828387611891149e+17,False,True,True
session_20250304_125010_Lesson01_Anna_Student01_utterance03.wav,student,-42.869727118645145,97.51325439818784,4.4598881994416736e+17,False,True,True
session_20250304_170215_Lesson03_Man_Student01_utterance01.wav,student,-40.430167287005716,33.51579416716804,3.4030324410783784e+16,False,True,True
session_20250304_170215_Lesson03_Man_Student01_utterance15.wav,student,-40.06687261058957,27.937666349371117,1.5230078349530874e+16,False,True,True
session_20250304_130209_Lesson02_Pete_Student01_utterance04.wav,student,-37.16091124940192,82.59640560980398,8.0657552551916e+16,False,True,True
session_20250304_170215_Lesson02_Pete_Student01_utterance02.wav,student,-39.96396278630943,25.669537330987026,1.145480766998232e+16,False,True,True
session_20250224_172209_Lesson01_Anna_Student01_utterance02.wav,student,-39.30863316993091,98.71117342754869,6.838871299164054e+16,False,True,True
session_20250227_130555_Lesson01_Pete_Student01_utterance00.wav,student,-46.17156634505092,139.2076822020257,2.3601676672406925e+17,False,True,True
session_20250227_184820_Lesson01_Anna_Student01_utterance05.wav,student,-41.331582544940574,95.1167065126855,4.945663464177465e+17,False,True,True
session_20250227_130555_Lesson01_Pete_Student01_utterance02.wav,student,-44.70988347956209,118.96282532597446,1.6201311345464797e+17,False,True,True
session_20250224_172209_Lesson01_Anna_Student01_utterance00.wav,student,-42.665356906862264,120.12906774335414,8.679219663395451e+16,False,True,True
session_20250304_170215_Lesson02_Pete_Student01_utterance00.wav,student,-37.85849460703816,22.684892700689947,2.8494849519700268e+16,False,True,True
session_20250304_170215_Lesson03_Man_Student01_utterance03.wav,student,-39.79593745678185,31.57643529094359,1.8898016014595844e+16,False,True,True
session_20250304_170215_Lesson03_Man_Student01_utterance17.wav,student,-41.8027168413405,40.365395539990246,1.4040388727051288e+17,False,True,True
session_20250304_125010_Lesson01_Anna_Student01_utterance01.wav,student,-47.20110457033951,108.57374802116225,1.0672592827693347e+17,False,True,True
session_20250304_170215_Lesson03_Anna_Student01_utterance25.wav,student,-38.69750265983971,25.075508984307394,5.018296689350466e+16,False,True,True
session_20250304_170215_Lesson03_Anna_Student01_utterance19.wav,student,-38.5771847344449,24.390107290005005,1.812327077480258e+16,False,True,True
session_20250304_170215_Lesson03_Anna_Student01_utterance18.wav,student,-40.34645483693667,32.44245762705025,4.310849183788249e+16,False,True,True
session_20250304_170215_Lesson03_Anna_Student01_utterance24.wav,student,-41.45821171063726,32.056101989887864,1.8912497006627932e+16,False,True,True
session_20250227_132105_Lesson01_Pete_Student01_utterance04.wav,student,-38.819527031903306,86.08250403634332,1.1054409430434669e+17,False,True,True
session_20250304_125010_Lesson01_Anna_Student01_utterance00.wav,student,-45.55172977611279,109.40441018048118,2.333261974429982e+17,False,True,True
session_20250304_170215_Lesson03_Man_Student01_utterance16.wav,student,-40.2915140617295,27.60742984564575,1.1054559255169149e+17,False,True,True
session_20250304_170215_Lesson03_Man_Student01_utterance02.wav,student,-45.16632535973999,46.67377430606488,1.4999592031634628e+16,False,True,True
session_20250224_172209_Lesson01_Anna_Student01_utterance01.wav,student,-43.003236160867054,91.40861223157118,9.37539891838044e+16,False,True,True
session_20250304_170215_Lesson02_Pete_Student01_utterance01.wav,student,-39.24826186540769,26.060152212148676,7128262341437301.0,False,True,True
session_20250227_130555_Lesson01_Pete_Student01_utterance03.wav,student,-42.31928896187812,107.21590669705492,2.7904157896996422e+17,False,True,True
session_20250304_125325_Lesson01_Pete_Student01_utterance03.wav,student,-37.103866813499934,86.0842585665377,1.2270204439434618e+17,False,True,True
session_20250227_184820_Lesson01_Anna_Student01_utterance02.wav,student,-43.75781813343702,95.52857346305757,8.681461769506744e+16,False,True,True
session_20250304_170215_Lesson02_Pete_Student01_utterance05.wav,student,-41.18482483686335,35.32415778895893,2.883429638589703e+17,False,True,True
session_20250224_172209_Lesson01_Anna_Student01_utterance05.wav,student,-39.75201203991272,88.98198944331658,5.079330043132224e+16,False,True,True
session_20250304_130209_Lesson02_Pete_Student01_utterance03.wav,student,-37.03143497098376,82.8891020852061,1.699129809000177e+18,False,True,True
session_20250304_170215_Lesson03_Man_Student01_utterance06.wav,student,-37.81438302239044,25.156347499014863,1.4596487954796454e+16,False,True,True
session_20250304_170215_Lesson03_Man_Student01_utterance12.wav,student,-40.19856957138985,30.85783206187769,7.329608338180006e+16,False,True,True
session_20250304_125010_Lesson01_Anna_Student01_utterance04.wav,student,-41.65070290161857,99.72998284133537,7.906734925019152e+16,False,True,True
session_20250227_132105_Lesson01_Pete_Student01_utterance00.wav,student,-41.19986280210764,107.68459262562017,4.606708333413861e+17,False,True,True
session_20250304_170215_Lesson03_Anna_Student01_utterance08.wav,student,-37.031863068493294,28.105460435572372,6567749391290270.0,False,True,True
session_20250304_170215_Lesson03_Anna_Student01_utterance20.wav,student,-38.09363568960283,27.27567504469494,6.298579346240548e+16,False,True,True
session_20250304_170215_Lesson03_Anna_Student01_utterance21.wav,student,-39.224685658796695,25.90474004678612,1.4829286817870652e+16,False,True,True
session_20250304_170215_Lesson03_Anna_Student01_utterance09.wav,student,-40.284028481893486,28.741202788595675,7258020513530588.0,False,True,True
session_20250227_132105_Lesson01_Pete_Student01_utterance01.wav,student,-39.605734939965394,94.6786867852718,8.3429182683066e+17,False,True,True
session_20250304_125010_Lesson01_Anna_Student01_utterance05.wav,student,-39.9629606312216,84.42543415275307,1.154816186178281e+17,False,True,True
session_20250304_170215_Lesson03_Man_Student01_utterance13.wav,student,-39.979096448845894,26.29087289856658,1.1054559260286392e+17,False,True,True
session_20250304_170215_Lesson03_Man_Student01_utterance07.wav,student,-38.18805327609793,26.712944877382466,7147637322978107.0,False,True,True
session_20250304_130209_Lesson02_Pete_Student01_utterance02.wav,student,-42.60364243708486,106.8435149302796,4.0332236466778656e+17,False,True,True
session_20250304_170215_Lesson02_Pete_Student01_utterance04.wav,student,-42.522025381836656,35.97572658528404,7571579418158895.0,False,True,True
session_20250224_172209_Lesson01_Anna_Student01_utterance04.wav,student,-40.308964940603055,96.25580090917752,2.2913086533832576e+17,False,True,True
session_20250227_184820_Lesson01_Anna_Student01_utterance03.wav,student,-41.084556280337324,95.1521938092373,1.5124588689045837e+17,False,True,True
session_20250304_125325_Lesson01_Pete_Student01_utterance02.wav,student,-41.20035944445684,100.69004721974635,1.4051230773512165e+17,False,True,True
session_20250227_130555_Lesson01_Pete_Student01_utterance04.wav,student,-45.13434207042711,105.21509755517539,1.677827886576093e+18,False,True,True
session_20250304_125325_Lesson01_Pete_Student01_utterance00.wav,student,-41.842493262366546,100.81734584440127,4.7386312096818054e+17,False,True,True
session_20250227_184820_Lesson01_Anna_Student01_utterance01.wav,student,-43.055728400154386,67.22909670774497,1.745144848977562e+16,False,True,True
session_20250304_170215_Lesson02_Pete_Student01_utterance06.wav,student,-39.253981475480686,29.17151367578083,3.758704222015539e+16,False,True,True
session_20250304_130209_Lesson02_Pete_Student01_utterance00.wav,student,-38.6202154647013,91.11362017499667,1.2777118153519843e+17,False,True,True
session_20250304_170215_Lesson03_Man_Student01_utterance11.wav,student,-39.70816828493241,33.70909049806039,2.126895277165289e+16,False,True,True
session_20250304_170215_Lesson03_Man_Student01_utterance05.wav,student,-39.74033737678709,39.4094889016263,1.6216796837385442e+16,False,True,True
session_20250227_132105_Lesson01_Pete_Student01_utterance03.wav,student,-42.20669716709151,86.88218701509032,1.7798225645522388e+18,False,True,True
session_20250304_170215_Lesson03_Anna_Student01_utterance23.wav,student,-40.60934309312686,29.83045745910223,1.9059876850645132e+16,False,True,True
session_20250304_170215_Lesson03_Anna_Student01_utterance22.wav,student,-39.344138064124955,26.45426151591491,4.288552711319134e+16,False,True,True
session_20250304_125010_Lesson01_Anna_Student01_utterance06.wav,student,-42.52212121354931,102.84059563522258,1.0538423085841418e+17,False,True,True
session_20250227_132105_Lesson01_Pete_Student01_utterance02.wav,student,-43.094342372293504,113.56398845272324,6.509479168292231e+16,False,True,True
session_20250304_170215_Lesson03_Man_Student01_utterance04.wav,student,-41.4981832855986,40.504481479055066,8990053499091152.0,False,True,True
session_20250304_170215_Lesson03_Man_Student01_utterance10.wav,student,-38.87063913959825,24.97393296106956,1.4636698675420316e+16,False,True,True
session_20250304_130209_Lesson02_Pete_Student01_utterance01.wav,student,-41.282712327784694,96.50444832891655,5.0884052613545626e+17,False,True,True
session_20250227_184820_Lesson01_Anna_Student01_utterance00.wav,student,-45.9047132879221,115.91829794061451,1.0798124822105616e+17,False,True,True
session_20250304_125325_Lesson01_Pete_Student01_utterance01.wav,student,-41.8428454312673,107.40059156885057,4.588605048865716e+17,False,True,True
session_20250224_164723_Lesson01_Anna_Student01_utterance01.wav,student,-46.18524425575393,113.42596490562214,1.52840911760122e+17,False,True,True
session_20250227_184820_Lesson02_Pete_Student01_utterance03.wav,student,-39.00793190328169,83.43139201355204,9.162742620062728e+16,False,True,True
session_20250304_170215_Lesson01_Anna_Student01_utterance04.wav,student,-38.66852417544663,26.277900766124986,1.7462804761858676e+16,False,True,True
session_20250224_165816_Lesson01_Anna_Student01_utterance00.wav,student,-38.37367612103383,90.627883854914,1.7429619814884733e+17,False,True,True
session_20250304_131109_Lesson02_Anna_Student01_utterance02.wav,student,-43.31063248366955,100.84006284935008,1.0675149138730069e+17,False,True,True
session_20250304_131109_Lesson02_Jonathan_Student01_utterance00.wav,student,-45.378376884687576,119.1460476045315,1.4387563446398552e+17,False,True,True
session_20250304_170215_Lesson03_Marsha_Student01_utterance14.wav,student,-40.850715258526336,31.0792444490003,2.539379047419069e+16,False,True,True
session_20250304_170215_Lesson03_Marsha_Student01_utterance00.wav,student,-41.843610091898285,37.558574963591596,1.2417258729479706e+16,False,True,True
session_20250304_170215_Lesson02_Jonathan_Student01_utterance06.wav,student,-39.253981475480686,29.17151367578083,3.758704222015539e+16,False,True,True
session_20250304_170215_Lesson03_Marsha_Student01_utterance01.wav,student,-39.036493097187304,28.06525083918313,8511899864008366.0,False,True,True
session_20250304_170215_Lesson03_Marsha_Student01_utterance15.wav,student,-40.06687261058957,27.937666349371117,1.5230078349530874e+16,False,True,True
session_20250304_131109_Lesson02_Jonathan_Student01_utterance01.wav,student,-41.84222154696788,110.02732004403873,inf,False,True,True
session_20250304_131109_Lesson02_Anna_Student01_utterance03.wav,student,-40.34556653317796,113.1155593558641,5.0243283087309144e+16,False,True,True
session_20250224_165816_Lesson01_Anna_Student01_utterance01.wav,student,-42.092008930373375,91.3570226506486,1.1189992258599003e+17,False,True,True
session_20250304_170215_Lesson01_Anna_Student01_utterance05.wav,student,-39.61807019189361,31.88103542460579,1.0311301858287672e+18,False,True,True
session_20250227_184820_Lesson02_Pete_Student01_utterance02.wav,student,-40.576351562544346,94.01901712557557,1.6212958596941648e+17,False,True,True
session_20250224_164723_Lesson01_Anna_Student01_utterance00.wav,student,-39.89893574988811,80.13852228799874,7.778359895777439e+17,False,True,True
session_20250227_184820_Lesson02_Pete_Student01_utterance00.wav,student,-42.53513641253325,84.98990546179962,2.349891906858231e+17,False,True,True
session_20250224_164723_Lesson01_Anna_Student01_utterance02.wav,student,-38.90515574798786,85.38745964029722,6.158345440903448e+16,False,True,True
session_20250224_165816_Lesson01_Anna_Student01_utterance03.wav,student,-38.1857974848884,83.31273637701935,6.114064026876493e+16,False,True,True
session_20250224_171333_Lesson01_Anna_Student01_utterance05.wav,student,-41.062386355793386,118.55843108677611,5.7321061499007064e+16,False,True,True
session_20250304_131109_Lesson02_Anna_Student01_utterance01.wav,student,-42.79683818017589,94.31177363973583,1.3612129820290422e+18,False,True,True
session_20250304_131109_Lesson02_Jonathan_Student01_utterance03.wav,student,-43.80189905649227,99.85900415607131,3.5964459740533075e+17,False,True,True
session_20250304_170215_Lesson03_Marsha_Student01_utterance03.wav,student,-39.599220307368896,25.369419715955722,2.1397813298662476e+16,False,True,True
session_20250304_170215_Lesson03_Marsha_Student01_utterance17.wav,student,-41.8027168413405,40.365395539990246,1.4040388727051288e+17,False,True,True
session_20250304_170215_Lesson02_Jonathan_Student01_utterance05.wav,student,-41.18482483686335,35.32415778895893,2.883429638589703e+17,False,True,True
session_20250304_170215_Lesson02_Jonathan_Student01_utterance04.wav,student,-42.522025381836656,35.97572658528404,7571579418158895.0,False,True,True
session_20250304_170215_Lesson03_Marsha_Student01_utterance16.wav,student,-40.2915140617295,27.60742984564575,1.1054559255169149e+17,False,True,True
session_20250304_170215_Lesson03_Marsha_Student01_utterance02.wav,student,-37.804247423556234,24.946594258644044,3.1535432598741844e+16,False,True,True
session_20250304_131109_Lesson02_Jonathan_Student01_utterance02.wav,student,-38.14936225808928,78.3524345310137,9.001569722752573e+16,False,True,True
session_20250224_170735_Lesson01_Pete_Student01_utterance04.wav,student,-38.385888646253555,80.52747861060156,5.360378362626082e+16,False,True,True
session_20250304_131109_Lesson02_Anna_Student01_utterance00.wav,student,-42.09403642782804,91.77445260979134,3.0249177370916275e+17,False,True,True
session_20250224_171333_Lesson01_Anna_Student01_utterance04.wav,student,-44.30816357711227,105.18174686960478,1.2218461534433974e+17,False,True,True
session_20250224_165816_Lesson01_Anna_Student01_utterance02.wav,student,-41.5391196922172,87.22209760471823,5.3697286299550024e+16,False,True,True
session_20250304_170215_Lesson01_Anna_Student01_utterance06.wav,student,-39.253981475480686,29.17151367578083,3.758704222015539e+16,False,True,True
session_20250224_164723_Lesson01_Anna_Student01_utterance03.wav,student,-36.29293117652524,68.45252805733622,9.090762098950661e+16,False,True,True
session_20250227_184820_Lesson02_Pete_Student01_utterance01.wav,student,-46.173007441097994,112.22906022613736,5.3969500060273736e+16,False,True,True
session_20250227_184820_Lesson02_Pete_Student01_utterance05.wav,student,-41.571143092030546,96.25398825753553,1.3820882734955926e+17,False,True,True
session_20250304_170215_Lesson01_Anna_Student01_utterance02.wav,student,-38.018091760513315,27.02419167727631,3.17201290418817e+16,False,True,True
session_20250224_171333_Lesson01_Anna_Student01_utterance00.wav,student,-37.77191001289418,78.7137793338608,8.913749524828413e+17,False,True,True
session_20250304_131109_Lesson02_Anna_Student01_utterance04.wav,student,-45.22168714608894,106.36240044999357,2.2063916115208986e+17,False,True,True
session_20250224_170735_Lesson01_Pete_Student01_utterance00.wav,student,-36.31090165056759,58.95677425753391,5.75373673227028e+16,False,True,True
session_20250304_170215_Lesson02_Jonathan_Student01_utterance00.wav,student,-38.86893122005327,26.65159538686906,1.4077060170056709e+17,False,True,True
session_20250304_170215_Lesson03_Marsha_Student01_utterance06.wav,student,-39.92513964340373,28.800051941696143,7.79305307962625e+16,False,True,True
session_20250304_170215_Lesson03_Marsha_Student01_utterance12.wav,student,-40.19856957138985,30.85783206187769,7.329608338180006e+16,False,True,True
session_20250304_170215_Lesson03_Marsha_Student01_utterance13.wav,student,-39.979096448845894,26.29087289856658,1.1054559260286392e+17,False,True,True
session_20250304_170215_Lesson03_Marsha_Student01_utterance07.wav,student,-41.23691554115252,30.017087479000292,1.7288054407714566e+16,False,True,True
session_20250304_170215_Lesson02_Jonathan_Student01_utterance01.wav,student,-41.612836402877456,34.06929114576407,1.8642864053510612e+16,False,True,True
session_20250224_170735_Lesson01_Pete_Student01_utterance01.wav,student,-39.94294168372629,87.9649260011332,2.4836648127367056e+17,False,True,True
session_20250304_131109_Lesson02_Anna_Student01_utterance05.wav,student,-38.57401862604449,99.271526739631,1.4158765709485394e+17,False,True,True
session_20250224_171333_Lesson01_Anna_Student01_utterance01.wav,student,-43.800728612666134,131.62327692406586,1.5532377294142246e+17,False,True,True
session_20250304_170215_Lesson01_Anna_Student01_utterance03.wav,student,-37.61612781741245,24.177114621779594,7318349332643723.0,False,True,True
session_20250227_184820_Lesson02_Pete_Student01_utterance04.wav,student,-43.7312437116896,102.59530195397923,1.844904817341348e+17,False,True,True
session_20250224_164723_Lesson01_Anna_Student01_utterance04.wav,student,-43.28696752020776,109.21006263055801,6.297632213242023e+16,False,True,True
session_20250304_170215_Lesson01_Anna_Student01_utterance01.wav,student,-38.652517197179726,27.68245875835807,1.5344926048009944e+16,False,True,True
session_20250224_165816_Lesson01_Anna_Student01_utterance05.wav,student,-38.52935508670696,83.91158417493598,4.9673296323862605e+17,False,True,True
session_20250224_171333_Lesson01_Anna_Student01_utterance03.wav,student,-42.28395948127089,97.83913260643554,3.4802816995572224e+17,False,True,True
session_20250304_131109_Lesson02_Jonathan_Student01_utterance05.wav,student,-40.741426305475365,103.4780252457344,4.58860504877233e+17,False,True,True
session_20250224_170735_Lesson01_Pete_Student01_utterance03.wav,student,-38.55069178142309,76.12450998897438,1.6411398437377542e+17,False,True,True
session_20250304_170215_Lesson02_Jonathan_Student01_utterance03.wav,student,-40.01686207503057,32.51893094131378,1.2244161390948524e+16,False,True,True
session_20250304_170215_Lesson03_Marsha_Student01_utterance11.wav,student,-39.70816828493241,33.70909049806039,2.126895277165289e+16,False,True,True
session_20250304_170215_Lesson03_Marsha_Student01_utterance05.wav,student,-41.37572146353325,34.19492724733063,2.7679716700383748e+16,False,True,True
session_20250304_170215_Lesson03_Marsha_Student01_utterance04.wav,student,-38.8690619750938,27.6474465630079,2.9858865312162388e+16,False,True,True
session_20250304_170215_Lesson03_Marsha_Student01_utterance10.wav,student,-38.87063913959825,24.97393296106956,1.4636698675420316e+16,False,True,True
session_20250304_170215_Lesson02_Jonathan_Student01_utterance02.wav,student,-40.85799044872065,34.158401971097184,2.618113708545447e+16,False,True,True
session_20250224_170735_Lesson01_Pete_Student01_utterance02.wav,student,-45.500118477139786,111.60108003198499,8.672243987372631e+17,False,True,True
session_20250304_131109_Lesson02_Jonathan_Student01_utterance04.wav,student,-40.79334443445428,99.24847327743196,9.911135999774168e+17,False,True,True
session_20250224_171333_Lesson01_Anna_Student01_utterance02.wav,student,-38.83837775632294,86.0973320569335,9.27600782272155e+16,False,True,True
session_20250224_165816_Lesson01_Anna_Student01_utterance04.wav,student,-38.4335974865497,79.8480711030303,1.2746125140183506e+17,False,True,True
session_20250304_170215_Lesson01_Anna_Student01_utterance00.wav,student,-40.79462921347693,34.543039137831,5.696956421135401e+16,False,True,True
session_20250224_164723_Lesson01_Anna_Student01_utterance05.wav,student,-43.56469756955315,106.9619952382269,1.8149506422784742e+17,False,True,True
session_20250304_130209_Lesson02_Anna_Student01_utterance00.wav,student,-41.66634939348265,116.2645223336628,1.0099322115376234e+17,False,True,True
session_20250304_125325_Lesson01_Anna_Student01_utterance00.wav,student,-38.193033879424114,86.27417864204807,1.3127289167595363e+17,False,True,True
session_20250227_184820_Lesson01_Pete_Student01_utterance01.wav,student,-44.35077442795919,126.74530696552698,7.267877988581894e+16,False,True,True
session_20250304_170215_Lesson02_Anna_Student01_utterance06.wav,student,-39.253981475480686,29.17151367578083,3.758704222015539e+16,False,True,True
session_20250227_132105_Lesson01_Anna_Student01_utterance03.wav,student,-37.89654341930496,88.55368119203466,8.61569311649006e+16,False,True,True
session_20250304_170215_Lesson03_Marsha_Student01_utterance21.wav,student,-39.224685658796695,25.90474004678612,1.4829286817870652e+16,False,True,True
session_20250304_170215_Lesson03_Marsha_Student01_utterance09.wav,student,-41.90018969326719,33.39996436449635,1.1858436434451358e+16,False,True,True
session_20250304_170215_Lesson03_Marsha_Student01_utterance08.wav,student,-38.393927770280406,26.225972894419336,9424737703052686.0,False,True,True
session_20250304_170215_Lesson03_Marsha_Student01_utterance20.wav,student,-38.09363568960283,27.27567504469494,6.298579346240548e+16,False,True,True
session_20250227_132105_Lesson01_Anna_Student01_utterance02.wav,student,-39.948322137970685,97.10132802577887,9.460629812307197e+17,False,True,True
session_20250227_184820_Lesson01_Pete_Student01_utterance00.wav,student,-41.980097723527145,117.630798949357,5.289634841853503e+16,False,True,True
session_20250304_125325_Lesson01_Anna_Student01_utterance01.wav,student,-43.4100487690318,95.0795313580275,7.292212400261819e+16,False,True,True
session_20250304_130209_Lesson02_Anna_Student01_utterance01.wav,student,-48.98815043171629,125.3123508920562,5.455496795564771e+16,False,True,True
session_20250304_130209_Lesson02_Anna_Student01_utterance03.wav,student,-41.646901251048845,113.98727254007679,1.0840304981294784e+17,False,True,True
session_20250304_125325_Lesson01_Anna_Student01_utterance03.wav,student,-41.1416459880124,104.50111656843893,1.6401712392968262e+17,False,True,True
session_20250227_184820_Lesson01_Pete_Student01_utterance02.wav,student,-43.74922807232772,115.5532808869554,4.746164808682442e+16,False,True,True
session_20250304_170215_Lesson02_Anna_Student01_utterance05.wav,student,-40.57984876725491,28.632148942170808,3.53471294624645e+16,False,True,True
session_20250227_132105_Lesson01_Anna_Student01_utterance00.wav,student,-44.80061165286669,101.31374365417946,4.1221722959426776e+16,False,True,True
session_20250304_170215_Lesson03_Marsha_Student01_utterance22.wav,student,-39.344138064124955,26.45426151591491,4.288552711319134e+16,False,True,True
session_20250304_170215_Lesson03_Marsha_Student01_utterance23.wav,student,-40.60934309312686,29.83045745910223,1.9059876850645132e+16,False,True,True
session_20250227_132105_Lesson01_Anna_Student01_utterance01.wav,student,-47.31130687037435,109.05052281063246,2.5718770637542864e+16,False,True,True
session_20250304_170215_Lesson02_Anna_Student01_utterance04.wav,student,-41.28157787041772,28.65992443718222,4.495557449981065e+16,False,True,True
session_20250224_172209_Lesson01_Pete_Student01_utterance04.wav,student,-39.958975456139456,93.34985458021211,3.168250002572191e+17,False,True,True
session_20250227_184820_Lesson01_Pete_Student01_utterance03.wav,student,-42.21212939660649,102.52440679711509,2.149283655495171e+17,False,True,True
session_20250304_125325_Lesson01_Anna_Student01_utterance02.wav,student,-39.789061441285305,89.49082406773466,6.022531537008281e+16,False,True,True
session_20250304_130209_Lesson02_Anna_Student01_utterance02.wav,student,-36.337789754538775,82.5881183987745,2.965439611585194e+16,False,True,True
session_20250304_125325_Lesson01_Anna_Student01_utterance06.wav,student,-40.039804642276486,102.60334093319987,3.463715661850129e+16,False,True,True
session_20250224_172209_Lesson01_Pete_Student01_utterance00.wav,student,-39.34717564213445,101.15119341494385,1.7409967936873024e+17,False,True,True
session_20250304_170215_Lesson02_Anna_Student01_utterance00.wav,student,-39.93460371111819,26.574077785842604,1.6524588490173964e+16,False,True,True
session_20250304_125010_Lesson01_Pete_Student01_utterance01.wav,student,-43.19567339657205,106.65692973385904,2.0857295680298998e+17,False,True,True
session_20250227_132105_Lesson01_Anna_Student01_utterance05.wav,student,-38.80032079861505,96.76733562129672,7.168361989830651e+16,False,True,True
session_20250227_132105_Lesson01_Anna_Student01_utterance04.wav,student,-40.49576411502723,91.76910601290403,3.100158596209155e+17,False,True,True
session_20250304_125010_Lesson01_Pete_Student01_utterance00.wav,student,-44.49708030472225,111.94956619135964,7.29221240198164e+16,False,True,True
session_20250224_172209_Lesson01_Pete_Student01_utterance01.wav,student,-40.931039709226326,101.79400776013652,5.625981069093314e+16,False,True,True
session_20250304_170215_Lesson02_Anna_Student01_utterance01.wav,student,-36.867830909502,23.71412950012603,3.143038450200518e+17,False,True,True
session_20250304_130209_Lesson02_Anna_Student01_utterance05.wav,student,-36.60301644964586,78.36937221162952,8.597964941257795e+16,False,True,True
session_20250227_184820_Lesson01_Pete_Student01_utterance04.wav,student,-44.28387115336,96.41043028805574,1.181754328800153e+18,False,True,True
session_20250304_125325_Lesson01_Anna_Student01_utterance05.wav,student,-38.71063240820412,82.61134524276382,1.4468376693583187e+17,False,True,True
session_20250304_170215_Lesson02_Anna_Student01_utterance03.wav,student,-37.58116789128343,23.54282509867308,3.3972548013560828e+16,False,True,True
session_20250224_172209_Lesson01_Pete_Student01_utterance03.wav,student,-40.491378775126144,86.11457937800417,1.118999225317778e+17,False,True,True
session_20250304_125010_Lesson01_Pete_Student01_utterance02.wav,student,-43.728390254694624,114.77379735147426,8.342918273409352e+17,False,True,True
session_20250304_170215_Lesson03_Marsha_Student01_utterance18.wav,student,-40.34645483693667,32.44245762705025,4.310849183788249e+16,False,True,True
session_20250304_170215_Lesson03_Marsha_Student01_utterance24.wav,student,-41.45821171063726,32.056101989887864,1.8912497006627932e+16,False,True,True
session_20250304_170215_Lesson03_Marsha_Student01_utterance25.wav,student,-38.69750265983971,25.075508984307394,5.018296689350466e+16,False,True,True
session_20250304_170215_Lesson03_Marsha_Student01_utterance19.wav,student,-38.5771847344449,24.390107290005005,1.812327077480258e+16,False,True,True
session_20250304_125010_Lesson01_Pete_Student01_utterance03.wav,student,-42.570479220173134,97.96983749951788,inf,False,True,True
session_20250304_170215_Lesson02_Anna_Student01_utterance02.wav,student,-37.81852472146491,23.155397383290875,1.5581001802207812e+16,False,True,True
session_20250224_172209_Lesson01_Pete_Student01_utterance02.wav,student,-44.57446558628537,111.40649619963878,2.305280048308493e+17,False,True,True
session_20250304_125325_Lesson01_Anna_Student01_utterance04.wav,student,-38.715665083672654,94.12965550451551,1.0538423067596544e+17,False,True,True
session_20250304_130209_Lesson02_Anna_Student01_utterance04.wav,student,-37.68534502608777,90.26191726946473,3.8275390204526296e+16,False,True,True
session_20250224_171333_Lesson01_Pete_Student01_utterance03.wav,student,-39.651750070080496,92.489256783682,3.0621514440846816e+17,False,True,True
session_20250224_164723_Lesson01_Pete_Student01_utterance04.wav,student,-39.36568831050918,80.37842853044778,1.4062586844108901e+17,False,True,True
session_20250304_130209_Lesson02_Jonathan_Student01_utterance00.wav,student,-40.77301221952205,89.16267271114957,8.947094788800466e+16,False,True,True
session_20250304_170215_Lesson03_Man_Student01_utterance09.wav,student,-40.284028481893486,28.741202788595675,7258020513530588.0,False,True,True
session_20250304_170215_Lesson01_Pete_Student01_utterance01.wav,student,-37.03847686347023,26.188539970243962,5.335312741769459e+16,False,True,True
session_20250304_170215_Lesson03_Man_Student01_utterance21.wav,student,-39.224685658796695,25.90474004678612,1.4829286817870652e+16,False,True,True
session_20250224_170735_Lesson01_Anna_Student01_utterance03.wav,student,-36.85669922248038,62.215269914297664,7.400975884829402e+16,False,True,True
session_20250304_124650_Lesson01_Pete_Student01_utterance00.wav,student,-44.94519333683735,126.88267715561707,7.590173763847006e+16,False,True,True
session_20250304_170215_Lesson03_Anna_Student01_utterance07.wav,student,-38.18805327609793,26.712944877382466,7147637322978107.0,False,True,True
session_20250304_170215_Lesson03_Anna_Student01_utterance13.wav,student,-39.979096448845894,26.29087289856658,1.1054559260286392e+17,False,True,True
session_20250304_170215_Lesson03_Anna_Student01_utterance12.wav,student,-40.19856957138985,30.85783206187769,7.329608338180006e+16,False,True,True
session_20250304_170215_Lesson03_Anna_Student01_utterance06.wav,student,-37.81438302239044,25.156347499014863,1.4596487954796454e+16,False,True,True
session_20250304_124650_Lesson01_Pete_Student01_utterance01.wav,student,-46.75659549101394,126.25569891393401,1.1015161271939544e+17,False,True,True
session_20250224_170735_Lesson01_Anna_Student01_utterance02.wav,student,-39.63719477282546,83.81823103246104,6.051025440556053e+16,False,True,True
session_20250304_170215_Lesson03_Man_Student01_utterance20.wav,student,-38.09363568960283,27.27567504469494,6.298579346240548e+16,False,True,True
session_20250304_170215_Lesson01_Pete_Student01_utterance00.wav,student,-52.21168749435296,121.95192706254343,1.1600938973428406e+17,False,True,True
session_20250304_170215_Lesson03_Man_Student01_utterance08.wav,student,-37.031863068493294,28.105460435572372,6567749391290270.0,False,True,True
session_20250304_130209_Lesson02_Jonathan_Student01_utterance01.wav,student,-40.651264310848504,96.98448419671448,1.9869318505552365e+17,False,True,True
session_20250224_171333_Lesson01_Pete_Student01_utterance02.wav,student,-41.36542288373199,90.64643103728092,5.918317315440916e+16,False,True,True
session_20250224_165816_Lesson01_Pete_Student01_utterance04.wav,student,-39.79501335502134,77.90774150009494,1.9793320290339994e+17,False,True,True
session_20250224_171333_Lesson01_Pete_Student01_utterance00.wav,student,-39.98211183713058,105.8185686303373,1.2075276443784574e+17,False,True,True
session_20250227_184820_Lesson02_Anna_Student01_utterance05.wav,student,-42.494696677546614,90.04232642287833,6.165335956473002e+17,False,True,True
session_20250304_130209_Lesson02_Jonathan_Student01_utterance03.wav,student,-37.8440114205068,84.3033563148706,8.328599765441029e+16,False,True,True
session_20250304_170215_Lesson03_Man_Student01_utterance22.wav,student,-39.344138064124955,26.45426151591491,4.288552711319134e+16,False,True,True
session_20250304_170215_Lesson01_Pete_Student01_utterance02.wav,student,-38.19417096285238,28.199647711379974,6730145566438015.0,False,True,True
session_20250224_170735_Lesson01_Anna_Student01_utterance00.wav,student,-37.79901788577847,73.8774674656337,1.959569961773079e+17,False,True,True
session_20250304_124650_Lesson01_Pete_Student01_utterance03.wav,student,-42.04130255543217,101.00254883259224,4.923253206969547e+16,False,True,True
session_20250304_170215_Lesson03_Anna_Student01_utterance10.wav,student,-38.87063913959825,24.97393296106956,1.4636698675420316e+16,False,True,True
session_20250304_170215_Lesson03_Anna_Student01_utterance04.wav,student,-41.14373021084149,30.92228175908504,3.0033745314390816e+16,False,True,True
session_20250304_131109_Lesson02_Pete_Student01_utterance04.wav,student,-40.79334443445428,99.24847327743196,9.911135999774168e+17,False,True,True
session_20250304_131109_Lesson02_Pete_Student01_utterance05.wav,student,-40.741426305475365,103.4780252457344,4.58860504877233e+17,False,True,True
session_20250304_170215_Lesson03_Anna_Student01_utterance05.wav,student,-37.18389022692665,26.978433945608614,3.078233537039564e+16,False,True,True
session_20250304_170215_Lesson03_Anna_Student01_utterance11.wav,student,-39.70816828493241,33.70909049806039,2.126895277165289e+16,False,True,True
session_20250304_124650_Lesson01_Pete_Student01_utterance02.wav,student,-45.3179450247262,124.39644986896661,7.113724465380255e+16,False,True,True
session_20250224_170735_Lesson01_Anna_Student01_utterance01.wav,student,-35.417721927042926,61.350063530725734,9.49232961229372e+16,False,True,True
session_20250304_170215_Lesson01_Pete_Student01_utterance03.wav,student,-40.6784205639642,32.139073642060815,2.202365754659536e+16,False,True,True
session_20250304_170215_Lesson03_Man_Student01_utterance23.wav,student,-40.60934309312686,29.83045745910223,1.9059876850645132e+16,False,True,True
session_20250304_130209_Lesson02_Jonathan_Student01_utterance02.wav,student,-41.24229404042973,95.55794778480168,5.5958598189300984e+16,False,True,True
session_20250227_184820_Lesson02_Anna_Student01_utterance04.wav,student,-38.368088399111215,83.67481145640963,1.0754791682572342e+17,False,True,True
session_20250224_171333_Lesson01_Pete_Student01_utterance01.wav,student,-39.48009226945609,98.68513016003935,2.9083310457169984e+16,False,True,True
session_20250224_165816_Lesson01_Pete_Student01_utterance03.wav,student,-39.34564977330779,92.32053671885512,3.337167308340158e+17,False,True,True
session_20250227_184820_Lesson02_Anna_Student01_utterance00.wav,student,-41.05350355362841,98.1833958846805,2.3041931664665494e+17,False,True,True
session_20250224_164723_Lesson01_Pete_Student01_utterance02.wav,student,-39.8834463869569,84.2877120948143,1.668583654966006e+17,False,True,True
session_20250224_170735_Lesson01_Anna_Student01_utterance05.wav,student,-37.117015115640726,80.83220345062962,5.510286575734609e+16,False,True,True
session_20250304_131109_Lesson02_Pete_Student01_utterance01.wav,student,-43.5240067865756,108.87209806972471,1.96076530162787e+17,False,True,True
session_20250304_170215_Lesson03_Anna_Student01_utterance15.wav,student,-40.06687261058957,27.937666349371117,1.5230078349530874e+16,False,True,True
session_20250304_170215_Lesson03_Anna_Student01_utterance01.wav,student,-40.321096750293684,28.30495606855736,7168995274063429.0,False,True,True
session_20250304_170215_Lesson03_Anna_Student01_utterance00.wav,student,-40.10421379200707,26.161436603725456,2.7387224843789096e+16,False,True,True
session_20250304_170215_Lesson03_Anna_Student01_utterance14.wav,student,-40.850715258526336,31.0792444490003,2.539379047419069e+16,False,True,True
session_20250304_131109_Lesson02_Pete_Student01_utterance00.wav,student,-39.5318237678584,89.63724098767302,2.1272002156323824e+17,False,True,True
session_20250224_170735_Lesson01_Anna_Student01_utterance04.wav,student,-39.217291526597236,78.82354103909809,3.063251943518702e+17,False,True,True
session_20250224_164723_Lesson01_Pete_Student01_utterance03.wav,student,-41.36135925441848,90.90916664035646,4.1226701418823526e+17,False,True,True
session_20250227_184820_Lesson02_Anna_Student01_utterance01.wav,student,-43.65403208058261,109.62091584846502,3.490289696391934e+16,False,True,True
session_20250224_171333_Lesson01_Pete_Student01_utterance04.wav,student,-38.520060607196775,89.46041730175696,2.2483289861652918e+17,False,True,True
session_20250224_165816_Lesson01_Pete_Student01_utterance02.wav,student,-41.6359066323517,95.55622070702866,5.9378425530098104e+16,False,True,True
session_20250224_165816_Lesson01_Pete_Student01_utterance00.wav,student,-36.62541967710373,88.35807475509593,3.337167311273312e+17,False,True,True
session_20250224_164723_Lesson01_Pete_Student01_utterance01.wav,student,-42.70521150950021,97.95007673682527,6.3605065762663384e+16,False,True,True
session_20250227_184820_Lesson02_Anna_Student01_utterance03.wav,student,-45.7536654134153,116.74722749703803,1.1786394233830882e+17,False,True,True
session_20250304_170215_Lesson03_Man_Student01_utterance24.wav,student,-41.45821171063726,32.056101989887864,1.8912497006627932e+16,False,True,True
session_20250304_130209_Lesson02_Jonathan_Student01_utterance05.wav,student,-41.18723936507433,105.22468404294337,1.9659747596652477e+17,False,True,True
session_20250304_170215_Lesson03_Man_Student01_utterance18.wav,student,-40.34645483693667,32.44245762705025,4.310849183788249e+16,False,True,True
session_20250304_131109_Lesson02_Pete_Student01_utterance02.wav,student,-41.2040429691793,90.21214279479307,7.406898790348917e+16,False,True,True
session_20250304_170215_Lesson03_Anna_Student01_utterance02.wav,student,-41.96892917659267,31.945871094021427,8354430257171362.0,False,True,True
session_20250304_170215_Lesson03_Anna_Student01_utterance16.wav,student,-40.2915140617295,27.60742984564575,1.1054559255169149e+17,False,True,True
session_20250304_170215_Lesson03_Anna_Student01_utterance17.wav,student,-41.8027168413405,40.365395539990246,1.4040388727051288e+17,False,True,True
session_20250304_170215_Lesson03_Anna_Student01_utterance03.wav,student,-41.454865257255896,35.44083191360051,9120060037420720.0,False,True,True
session_20250304_131109_Lesson02_Pete_Student01_utterance03.wav,student,-42.28043052966164,102.64121708376572,6.516477521662243e+16,False,True,True
session_20250304_170215_Lesson03_Man_Student01_utterance19.wav,student,-38.5771847344449,24.390107290005005,1.812327077480258e+16,False,True,True
session_20250304_130209_Lesson02_Jonathan_Student01_utterance04.wav,student,-37.16091124940192,82.59640560980398,8.0657552551916e+16,False,True,True
session_20250304_170215_Lesson03_Man_Student01_utterance25.wav,student,-38.69750265983971,25.075508984307394,5.018296689350466e+16,False,True,True
session_20250227_184820_Lesson02_Anna_Student01_utterance02.wav,student,-36.64617744143301,85.37760313931209,1.6602503532599443e+17,False,True,True
session_20250224_164723_Lesson01_Pete_Student01_utterance00.wav,student,-45.655026484447525,109.31801342893587,1.7496484468989957e+18,False,True,True
session_20250224_165816_Lesson01_Pete_Student01_utterance01.wav,student,-40.184320268758896,100.69484130422322,5.2908066708099816e+16,False,True,True
